BusinessName,PhoneNumber,Email
EcoSystems,352-847-9265,contact@ecosystems.com
NetSolutions,985-484-4507,contact@netsolutions.com
FinGroup,881-152-4197,contact@fingroup.com
NetSolutions,455-974-3941,contact@netsolutions.com
HealthLife,777-618-2866,contact@healthlife.com
CineMagic,394-500-9676,contact@cinemagic.com
MotoMania,602-296-6826,contact@motomania.com
DesignDream,989-931-1254,contact@designdream.com
MotoMania,653-730-8776,contact@motomania.com
DesignDream,556-345-8905,contact@designdream.com
FinGroup,344-547-1028,contact@fingroup.com
MotoMania,556-790-1432,contact@motomania.com
CineMagic,366-807-3436,contact@cinemagic.com
TechCorp,772-474-5617,contact@techcorp.com
MotoMania,371-333-4961,contact@motomania.com
FinGroup,568-175-9188,contact@fingroup.com
NetSolutions,121-734-2362,contact@netsolutions.com
BuildWorks,693-644-1685,contact@buildworks.com
MotoMania,129-887-2725,contact@motomania.com
MotoMania,849-618-8561,contact@motomania.com
