FirstName,LastName,Email,PhoneNumber
David,Williams,david.williams@example.com,911-150-5999
John,Wilson,john.wilson@example.com,481-912-7189
Sarah,Brown,sarah.brown@example.com,286-555-2511
Robert,Jones,robert.jones@example.com,311-788-4377
Emily,Jones,emily.jones@example.com,531-739-3620
Emily,Wilson,emily.wilson@example.com,602-306-3880
John,Davis,john.davis@example.com,620-459-6823
Michael,Jones,michael.jones@example.com,288-571-2954
Linda,Wilson,linda.wilson@example.com,495-507-6292
Emily,Davis,emily.davis@example.com,590-352-9247
Sarah,Williams,sarah.williams@example.com,906-134-2565
William,Davis,william.davis@example.com,456-647-6416
David,Smith,david.smith@example.com,303-503-3484
William,Moore,william.moore@example.com,849-234-8116
Barbara,Moore,barbara.moore@example.com,324-176-5581
Barbara,Williams,barbara.williams@example.com,969-923-8037
Michael,Williams,michael.williams@example.com,871-929-7118
Barbara,Jones,barbara.jones@example.com,299-434-3016
Robert,Williams,robert.williams@example.com,438-188-3325
Robert,Miller,robert.miller@example.com,527-113-3463
